what,kind,bundleId,bundleVersion,description,time
deactivated,workbench,org.eclipse.ui.workbench,3.7.1.v20120104-1859,"",1408294321963
activated,workbench,org.eclipse.ui.workbench,3.7.1.v20120104-1859,"",1408294362994
executed,command,org.eclipse.ui,3.7.0.v20110928-1505,"org.eclipse.ui.views.showView",1408294363007
executed,command,org.eclipse.ui,3.7.0.v20110928-1505,"org.eclipse.ui.views.showView",1408294363007
deactivated,workbench,org.eclipse.ui.workbench,3.7.1.v20120104-1859,"",1408294373258
activated,workbench,org.eclipse.ui.workbench,3.7.1.v20120104-1859,"",1408294390144
deactivated,workbench,org.eclipse.ui.workbench,3.7.1.v20120104-1859,"",1408294393953
started,bundle,org.eclipse.datatools.enablement.postgresql.ui,1.0.0.v201107221506,"org.eclipse.datatools.enablement.postgresql.ui",1408294396133
started,bundle,org.eclipse.datatools.connectivity.db.generic,1.0.1.v201107221459,"org.eclipse.datatools.connectivity.db.generic",1408294396140
activated,workbench,org.eclipse.ui.workbench,3.7.1.v20120104-1859,"",1408294406782
deactivated,workbench,org.eclipse.ui.workbench,3.7.1.v20120104-1859,"",1408294414747
activated,workbench,org.eclipse.ui.workbench,3.7.1.v20120104-1859,"",1408294415624
deactivated,workbench,org.eclipse.ui.workbench,3.7.1.v20120104-1859,"",1408294419978
activated,workbench,org.eclipse.ui.workbench,3.7.1.v20120104-1859,"",1408294439911
deactivated,workbench,org.eclipse.ui.workbench,3.7.1.v20120104-1859,"",1408294443661
started,bundle,org.eclipse.datatools.connectivity.apache.derby,1.0.102.v201107221459,"org.eclipse.datatools.connectivity.apache.derby",1408294481638
started,bundle,org.eclipse.datatools.enablement.msft.sqlserver,1.0.1.v201107221504,"org.eclipse.datatools.enablement.msft.sqlserver",1408294481646
started,bundle,org.eclipse.datatools.enablement.sqlite,1.0.0.v201002041100,"org.eclipse.datatools.enablement.sqlite",1408294481654
started,bundle,org.eclipse.datatools.enablement.sybase.asa,1.0.1.v201107221507,"org.eclipse.datatools.enablement.sybase.asa",1408294481663
started,bundle,org.eclipse.datatools.enablement.sybase.ase,1.0.2.v201201131122,"org.eclipse.datatools.enablement.sybase.ase",1408294481670
started,bundle,org.eclipse.datatools.modelbase.sql,1.0.5.v201110151330,"org.eclipse.datatools.modelbase.sql",1408294500314
started,bundle,org.eclipse.datatools.connectivity.apache.derby.ui,1.0.3.v201107221459,"org.eclipse.datatools.connectivity.apache.derby.ui",1408294696579
started,bundle,org.eclipse.datatools.connectivity.db.generic.ui,1.0.1.v201107221459,"org.eclipse.datatools.connectivity.db.generic.ui",1408294696614
started,bundle,org.eclipse.datatools.enablement.hsqldb.ui,1.0.0.v201108120600,"org.eclipse.datatools.enablement.hsqldb.ui",1408294696620
started,bundle,org.eclipse.datatools.enablement.ibm.ui,1.0.0.v201107221502,"org.eclipse.datatools.enablement.ibm.ui",1408294696685
started,bundle,org.eclipse.datatools.enablement.ibm.db2.iseries.ui,1.0.1.v201108130630,"org.eclipse.datatools.enablement.ibm.db2.iseries.ui",1408294696687
started,bundle,org.eclipse.datatools.enablement.ibm.db2.zseries.ui,1.0.1.v201108130630,"org.eclipse.datatools.enablement.ibm.db2.zseries.ui",1408294696719
started,bundle,org.eclipse.datatools.enablement.ibm.informix.ui,1.0.2.v201108130630,"org.eclipse.datatools.enablement.ibm.informix.ui",1408294696732
started,bundle,org.eclipse.datatools.enablement.msft.sqlserver.ui,1.0.2.v201201131118,"org.eclipse.datatools.enablement.msft.sqlserver.ui",1408294696750
started,bundle,org.eclipse.datatools.enablement.mysql.ui,1.0.0.v201109022331,"org.eclipse.datatools.enablement.mysql.ui",1408294696810
started,bundle,org.eclipse.datatools.enablement.oracle.ui,1.0.3.v201201131121,"org.eclipse.datatools.enablement.oracle.ui",1408294696819
started,bundle,org.eclipse.datatools.enablement.sap.maxdb.ui,1.0.0.v201107221507,"org.eclipse.datatools.enablement.sap.maxdb.ui",1408294696834
started,bundle,org.eclipse.datatools.enablement.sqlite.ui,1.0.0.v201107221507,"org.eclipse.datatools.enablement.sqlite.ui",1408294696842
started,bundle,org.eclipse.datatools.enablement.sybase.asa.ui,1.0.1.v200906111204,"org.eclipse.datatools.enablement.sybase.asa.ui",1408294696862
started,bundle,org.eclipse.datatools.enablement.sybase.ase.ui,1.0.1.v200906020900,"org.eclipse.datatools.enablement.sybase.ase.ui",1408294696872
started,bundle,org.eclipse.datatools.enablement.postgresql,1.1.0.v201110070445,"org.eclipse.datatools.enablement.postgresql",1408294816099
started,bundle,org.eclipse.datatools.enablement.ibm.db2.iseries,1.0.2.v201107221502,"org.eclipse.datatools.enablement.ibm.db2.iseries",1408294841111
started,bundle,org.eclipse.datatools.enablement.ibm.db2.luw,1.0.2.v201107221502,"org.eclipse.datatools.enablement.ibm.db2.luw",1408294841120
started,bundle,org.eclipse.datatools.enablement.ibm.db2.zseries,1.0.2.v201107221502,"org.eclipse.datatools.enablement.ibm.db2.zseries",1408294841123
started,bundle,org.eclipse.datatools.enablement.ingres,1.0.0.v200906111150,"org.eclipse.datatools.enablement.ingres",1408294841197
started,bundle,org.eclipse.datatools.enablement.sybase,1.0.1.v201107221507,"org.eclipse.datatools.enablement.sybase",1408294841206
activated,workbench,org.eclipse.ui.workbench,3.7.1.v20120104-1859,"",1408294841334
started,bundle,org.eclipse.datatools.connectivity.sqm.server.ui,1.1.100.v201107221459,"org.eclipse.datatools.connectivity.sqm.server.ui",1408294841811
started,bundle,org.eclipse.datatools.enablement.sybase.ase.models,1.0.1.v201010140307,"org.eclipse.datatools.enablement.sybase.ase.models",1408294842024
started,bundle,org.eclipse.datatools.enablement.sybase.asa.models,1.0.0.v201107221507,"org.eclipse.datatools.enablement.sybase.asa.models",1408294842045
started,bundle,org.eclipse.datatools.enablement.mysql,1.0.2.v201109022323,"org.eclipse.datatools.enablement.mysql",1408294849048
started,bundle,org.eclipse.datatools.enablement.sap.maxdb,1.0.0.v201107221507,"org.eclipse.datatools.enablement.sap.maxdb",1408294849067
started,bundle,org.eclipse.datatools.modelbase.dbdefinition,1.0.2.v201107221519,"org.eclipse.datatools.modelbase.dbdefinition",1408294849370
started,bundle,org.eclipse.datatools.enablement.sybase.ui,1.0.0.v200906090452,"org.eclipse.datatools.enablement.sybase.ui",1408294849658
started,bundle,org.eclipse.datatools.enablement.sybase.models,1.0.0.v201010140307,"org.eclipse.datatools.enablement.sybase.models",1408294849696
deactivated,workbench,org.eclipse.ui.workbench,3.7.1.v20120104-1859,"",1408294864198
activated,workbench,org.eclipse.ui.workbench,3.7.1.v20120104-1859,"",1408294874850
activated,view,org.eclipse.jdt.ui,3.7.2.v20120109-1427,"org.eclipse.jdt.ui.PackageExplorer",1408294876723
started,bundle,org.eclipse.wst.ws.service.policy.ui,1.0.300.v201108240515,"org.eclipse.wst.ws.service.policy.ui",1408294881282
started,bundle,org.eclipse.wst.ws.service.policy,1.0.303.v201009221810,"org.eclipse.wst.ws.service.policy",1408294881287
started,bundle,org.eclipse.wst.command.env,1.0.409.v201004211805,"org.eclipse.wst.command.env",1408294881322
started,bundle,org.eclipse.wst.ws,1.1.203.v201004211805,"org.eclipse.wst.ws",1408294881324
started,bundle,org.eclipse.ltk.ui.refactoring,3.6.0.v20110928-1453,"org.eclipse.ltk.ui.refactoring",1408294881460
started,bundle,org.eclipse.compare.core,3.5.200.I20110208-0800,"org.eclipse.compare.core",1408294881639
started,bundle,org.eclipse.compare,3.5.202.R37x_v20111109-0800,"org.eclipse.compare",1408294881651
activated,view,org.eclipse.datatools.connectivity.ui.dse,1.1.4.v201107221459,"org.eclipse.datatools.connectivity.DataSourceExplorerNavigator",1408294894562
activated,view,org.eclipse.jdt.ui,3.7.2.v20120109-1427,"org.eclipse.jdt.ui.PackageExplorer",1408294896080
activated,view,org.eclipse.datatools.connectivity.ui.dse,1.1.4.v201107221459,"org.eclipse.datatools.connectivity.DataSourceExplorerNavigator",1408294903971
started,bundle,org.eclipse.datatools.sqltools.ddlgen.ui,1.0.2.v201201131129,"org.eclipse.datatools.sqltools.ddlgen.ui",1408294910495
activated,view,org.eclipse.jdt.ui,3.7.2.v20120109-1427,"org.eclipse.jdt.ui.PackageExplorer",1408294914917
deactivated,workbench,org.eclipse.ui.workbench,3.7.1.v20120104-1859,"",1408294937381
activated,workbench,org.eclipse.ui.workbench,3.7.1.v20120104-1859,"",1408294947175
executed,command,org.eclipse.ui,3.7.0.v20110928-1505,"org.eclipse.ui.newWizard",1408294947204
deactivated,workbench,org.eclipse.ui.workbench,3.7.1.v20120104-1859,"",1408294960689
activated,workbench,org.eclipse.ui.workbench,3.7.1.v20120104-1859,"",1408294980180
deactivated,workbench,org.eclipse.ui.workbench,3.7.1.v20120104-1859,"",1408294988908
activated,workbench,org.eclipse.ui.workbench,3.7.1.v20120104-1859,"",1408295074065
executed,command,org.eclipse.ui,3.7.0.v20110928-1505,"org.eclipse.ui.newWizard",1408295074093
deactivated,workbench,org.eclipse.ui.workbench,3.7.1.v20120104-1859,"",1408295088811
activated,workbench,org.eclipse.ui.workbench,3.7.1.v20120104-1859,"",1408295094634
opened,view,org.eclipse.jpt.jpa.ui,3.0.2.v201201243020,"org.eclipse.jpt.ui.jpaStructureView",1408295094689
activated,view,org.eclipse.jpt.jpa.ui,3.0.2.v201201243020,"org.eclipse.jpt.ui.jpaStructureView",1408295094798
executed,command,org.eclipse.ui,3.7.0.v20110928-1505,"org.eclipse.ui.views.showView",1408295094799
executed,command,org.eclipse.ui,3.7.0.v20110928-1505,"org.eclipse.ui.views.showView",1408295094799
activated,view,org.eclipse.datatools.connectivity.ui.dse,1.1.4.v201107221459,"org.eclipse.datatools.connectivity.DataSourceExplorerNavigator",1408295099686
executed,command,org.eclipse.ui,3.7.0.v20110928-1505,"org.eclipse.ui.file.refresh",1408295104677
executed,command,org.eclipse.ui,3.7.0.v20110928-1505,"org.eclipse.ui.file.refresh",1408295109733
activated,view,org.eclipse.jdt.ui,3.7.2.v20120109-1427,"org.eclipse.jdt.ui.PackageExplorer",1408295112624
deactivated,workbench,org.eclipse.ui.workbench,3.7.1.v20120104-1859,"",1408295117621
activated,workbench,org.eclipse.ui.workbench,3.7.1.v20120104-1859,"",1408295130453
executed,command,org.eclipse.ui,3.7.0.v20110928-1505,"org.eclipse.ui.newWizard",1408295130488
deactivated,workbench,org.eclipse.ui.workbench,3.7.1.v20120104-1859,"",1408295137838
activated,workbench,org.eclipse.ui.workbench,3.7.1.v20120104-1859,"",1408295149243
executed,command,org.eclipse.ui,3.7.0.v20110928-1505,"org.eclipse.ui.newWizard",1408295149268
deactivated,workbench,org.eclipse.ui.workbench,3.7.1.v20120104-1859,"",1408295150701
activated,workbench,org.eclipse.ui.workbench,3.7.1.v20120104-1859,"",1408295176404
deactivated,workbench,org.eclipse.ui.workbench,3.7.1.v20120104-1859,"",1408295184016
started,bundle,org.eclipse.wst.common.project.facet.ui,1.4.201.v201201101553,"org.eclipse.wst.common.project.facet.ui",1408295193673
started,bundle,org.eclipse.wst.web.ui,1.1.500.v201111030500,"org.eclipse.wst.web.ui",1408295193676
started,bundle,org.eclipse.wst.server.core,1.1.304.v20120208_1420,"org.eclipse.wst.server.core",1408295193778
started,bundle,org.eclipse.wst.server.ui,1.3.0.v20120210_1439,"org.eclipse.wst.server.ui",1408295193846
started,bundle,org.eclipse.jpt.jpa.db,2.0.0.v201105030000,"org.eclipse.jpt.jpa.db",1408295193971
started,bundle,org.eclipse.jst.common.project.facet.ui,1.4.200.v201008182133,"org.eclipse.jst.common.project.facet.ui",1408295194370
started,bundle,org.eclipse.jst.j2ee.ui,1.1.503.v201201190400,"org.eclipse.jst.j2ee.ui",1408295194556
activated,workbench,org.eclipse.ui.workbench,3.7.1.v20120104-1859,"",1408295244289
executed,command,org.eclipse.ui,3.7.0.v20110928-1505,"org.eclipse.ui.newWizard",1408295244324
deactivated,workbench,org.eclipse.ui.workbench,3.7.1.v20120104-1859,"",1408295253220
activated,workbench,org.eclipse.ui.workbench,3.7.1.v20120104-1859,"",1408295263309
deactivated,workbench,org.eclipse.ui.workbench,3.7.1.v20120104-1859,"",1408295270209
activated,workbench,org.eclipse.ui.workbench,3.7.1.v20120104-1859,"",1408295276574
deactivated,workbench,org.eclipse.ui.workbench,3.7.1.v20120104-1859,"",1408295283654
started,bundle,org.eclipse.datatools.sqltools.editor.core,1.0.1.v201201131129,"org.eclipse.datatools.sqltools.editor.core",1408295641808
started,bundle,org.eclipse.datatools.enablement.sybase.asa.schemaobjecteditor.examples,2.5.0.200810071,"org.eclipse.datatools.enablement.sybase.asa.schemaobjecteditor.examples",1408295641875
started,bundle,org.eclipse.datatools.sqltools.db.generic,1.0.0.v201107221520,"org.eclipse.datatools.sqltools.db.generic",1408295641900
started,bundle,org.eclipse.datatools.sqltools.db.derby,1.0.0.v201107221520,"org.eclipse.datatools.sqltools.db.derby",1408295641930
started,bundle,org.eclipse.wst.sse.core,1.1.602.v201112071516,"org.eclipse.wst.sse.core",1408295850034
started,bundle,org.eclipse.wst.common.uriresolver,1.1.401.v201004280700,"org.eclipse.wst.common.uriresolver",1408295851218
started,bundle,org.eclipse.wst.xsl.core,1.1.100.v201102270516,"org.eclipse.wst.xsl.core",1408295851465
started,bundle,org.eclipse.wst.xsl.exslt.core,1.0.0.v201005240426,"org.eclipse.wst.xsl.exslt.core",1408295851474
started,bundle,org.eclipse.wst.dtd.core,1.1.501.v201107252021,"org.eclipse.wst.dtd.core",1408295851939
started,bundle,org.eclipse.wst.internet.cache,1.0.400.v201004280700,"org.eclipse.wst.internet.cache",1408295852097
started,bundle,org.eclipse.wst.xsd.core,1.1.600.v201104070312,"org.eclipse.wst.xsd.core",1408295852279
started,bundle,org.eclipse.xsd,2.7.1.v20120130-0943,"org.eclipse.xsd",1408295852295
started,bundle,org.eclipse.pde.core,3.7.1.v20120103_r372,"org.eclipse.pde.core",1408295854665
started,bundle,org.eclipse.wst.jsdt.core,1.1.102.v201111090634,"org.eclipse.wst.jsdt.core",1408295854985
started,bundle,org.eclipse.jdt.apt.core,3.3.500.v20110420-1015,"org.eclipse.jdt.apt.core",1408295855483
started,bundle,org.eclipse.jdt.apt.pluggable.core,1.0.400.v20110305-1450,"org.eclipse.jdt.apt.pluggable.core",1408295855503
started,bundle,org.eclipse.wst.sse.ui,1.3.2.v201201041522,"org.eclipse.wst.sse.ui",1408295855964
started,bundle,org.eclipse.wst.html.ui,1.0.602.v201202091936,"org.eclipse.wst.html.ui",1408295855969
started,bundle,org.eclipse.jst.jsp.core,1.2.402.v201112071853,"org.eclipse.jst.jsp.core",1408295856071
started,bundle,org.eclipse.wst.wsdl.validation,1.1.502.v201104071820,"org.eclipse.wst.wsdl.validation",1408295856208
started,bundle,org.eclipse.jst.jsf.common,1.2.3.v201104061039,"org.eclipse.jst.jsf.common",1408295856916
started,bundle,org.eclipse.jst.jsf.core,1.3.105.v201108261005,"org.eclipse.jst.jsf.core",1408295856929
started,bundle,org.eclipse.jst.jee,1.0.402.v201202021530,"org.eclipse.jst.jee",1408295856952
started,bundle,org.eclipse.jst.server.core,1.2.202.v20110419,"org.eclipse.jst.server.core",1408295856968
activated,workbench,org.eclipse.ui.workbench,3.7.1.v20120104-1859,"",1408295858791
started,bundle,org.eclipse.ui.navigator.resources,3.4.300.v20110928-1505,"org.eclipse.ui.navigator.resources",1408295859019
started,bundle,org.eclipse.emf.edit,2.7.2.v20120130-0943,"org.eclipse.emf.edit",1408295859091
started,bundle,org.eclipse.emf.common.ui,2.7.0.v20120130-0943,"org.eclipse.emf.common.ui",1408295859105
started,bundle,org.eclipse.emf.edit.ui,2.7.0.v20120130-0943,"org.eclipse.emf.edit.ui",1408295859111
started,bundle,org.eclipse.jst.j2ee.webservice.ui,1.1.500.v201105122000,"org.eclipse.jst.j2ee.webservice.ui",1408295859115
started,bundle,org.eclipse.jst.j2ee.webservice,1.1.400.v201004110600,"org.eclipse.jst.j2ee.webservice",1408295859143
started,bundle,org.eclipse.jst.jee.ui,1.0.401.v201202011107,"org.eclipse.jst.jee.ui",1408295859178
started,bundle,org.eclipse.jst.j2ee.navigator.ui,1.1.501.v201107261503,"org.eclipse.jst.j2ee.navigator.ui",1408295859192
started,bundle,org.eclipse.wst.common.ui,1.1.500.v200911190730,"org.eclipse.wst.common.ui",1408295859443
started,bundle,org.eclipse.wst.jsdt.manipulation,1.0.300.v201104272153,"org.eclipse.wst.jsdt.manipulation",1408295859581
started,bundle,org.eclipse.wst.jsdt.ui,1.1.102.v201201131900,"org.eclipse.wst.jsdt.ui",1408295859590
opened,view,org.eclipse.ui.navigator.resources,3.4.300.v20110928-1505,"org.eclipse.ui.navigator.ProjectExplorer",1408295859709
activated,perspective,org.eclipse.jpt.jpa.ui,3.0.2.v201201243020,"org.eclipse.jpt.ui.jpaPerspective",1408295859920
activated,view,org.eclipse.datatools.connectivity.ui.dse,1.1.4.v201107221459,"org.eclipse.datatools.connectivity.DataSourceExplorerNavigator",1408295859959
executed,command,org.eclipse.ui,3.7.0.v20110928-1505,"org.eclipse.ui.newWizard",1408295860120
started,bundle,org.eclipse.jst.servlet.ui,1.1.502.v201202011054,"org.eclipse.jst.servlet.ui",1408295860342
activated,view,org.eclipse.ui.navigator.resources,3.4.300.v20110928-1505,"org.eclipse.ui.navigator.ProjectExplorer",1408295869224
deactivated,workbench,org.eclipse.ui.workbench,3.7.1.v20120104-1859,"",1408295884105
activated,workbench,org.eclipse.ui.workbench,3.7.1.v20120104-1859,"",1408295986174
deactivated,workbench,org.eclipse.ui.workbench,3.7.1.v20120104-1859,"",1408295987301
activated,workbench,org.eclipse.ui.workbench,3.7.1.v20120104-1859,"",1408295991150
deactivated,workbench,org.eclipse.ui.workbench,3.7.1.v20120104-1859,"",1408296009274
activated,workbench,org.eclipse.ui.workbench,3.7.1.v20120104-1859,"",1408296018780
deactivated,workbench,org.eclipse.ui.workbench,3.7.1.v20120104-1859,"",1408296020272
activated,workbench,org.eclipse.ui.workbench,3.7.1.v20120104-1859,"",1408296070232
started,bundle,org.eclipse.draw2d,3.7.2.v20111017-2020,"org.eclipse.draw2d",1408296076286
deactivated,workbench,org.eclipse.ui.workbench,3.7.1.v20120104-1859,"",1408296076891
started,bundle,org.eclipse.equinox.p2.garbagecollector,1.0.200.v20110815-1419,"org.eclipse.equinox.p2.garbagecollector",1408296154495
activated,workbench,org.eclipse.ui.workbench,3.7.1.v20120104-1859,"",1408296200057
deactivated,workbench,org.eclipse.ui.workbench,3.7.1.v20120104-1859,"",1408296201553
activated,workbench,org.eclipse.ui.workbench,3.7.1.v20120104-1859,"",1408296224698
started,bundle,org.eclipse.jst.ws.jaxws.dom.integration,1.0.101.v201201031437,"org.eclipse.jst.ws.jaxws.dom.integration",1408296227391
started,bundle,org.eclipse.jst.ws.jaxws.dom.ui,1.0.0.v201004171919,"org.eclipse.jst.ws.jaxws.dom.ui",1408296227403
deactivated,workbench,org.eclipse.ui.workbench,3.7.1.v20120104-1859,"",1408296233055
activated,workbench,org.eclipse.ui.workbench,3.7.1.v20120104-1859,"",1408296238971
deactivated,workbench,org.eclipse.ui.workbench,3.7.1.v20120104-1859,"",1408296255076
activated,workbench,org.eclipse.ui.workbench,3.7.1.v20120104-1859,"",1408296256884
deactivated,workbench,org.eclipse.ui.workbench,3.7.1.v20120104-1859,"",1408296263332
executed,command,org.eclipse.ui,3.7.0.v20110928-1505,"org.eclipse.ui.edit.paste",1408299290191
executed,command,org.eclipse.ui,3.7.0.v20110928-1505,"org.eclipse.ui.edit.paste",1408299302351
activated,workbench,org.eclipse.ui.workbench,3.7.1.v20120104-1859,"",1408299317303
deactivated,workbench,org.eclipse.ui.workbench,3.7.1.v20120104-1859,"",1408299317543
activated,workbench,org.eclipse.ui.workbench,3.7.1.v20120104-1859,"",1408299322068
error,log,,,"Unable to find JPA entities generation templates in pluginorg.eclipse.jpt.jpa.gen",1408299322736
executed,command,org.eclipse.ui,3.7.0.v20110928-1505,"org.eclipse.ui.file.refresh",1408299336621
opened,editor,org.eclipse.jdt.ui,3.7.2.v20120109-1427,"org.eclipse.jdt.ui.CompilationUnitEditor",1408299373643
started,bundle,org.eclipse.core.variables,3.2.500.v20110928-1503,"org.eclipse.core.variables",1408299374057
activated,editor,org.eclipse.jdt.ui,3.7.2.v20120109-1427,"org.eclipse.jdt.ui.CompilationUnitEditor",1408299374400
started,bundle,org.eclipse.jdt.junit,3.7.0.v20110928-1453,"org.eclipse.jdt.junit",1408299374739
activated,view,org.eclipse.ui.navigator.resources,3.4.300.v20110928-1505,"org.eclipse.ui.navigator.ProjectExplorer",1408299378193
executed,command,org.eclipse.ui,3.7.0.v20110928-1505,"org.eclipse.ui.file.refresh",1408299393189
activated,editor,org.eclipse.jdt.ui,3.7.2.v20120109-1427,"org.eclipse.jdt.ui.CompilationUnitEditor",1408299395926
activated,view,org.eclipse.ui.navigator.resources,3.4.300.v20110928-1505,"org.eclipse.ui.navigator.ProjectExplorer",1408299405384
deactivated,workbench,org.eclipse.ui.workbench,3.7.1.v20120104-1859,"",1408299411544
activated,workbench,org.eclipse.ui.workbench,3.7.1.v20120104-1859,"",1408299414322
deactivated,workbench,org.eclipse.ui.workbench,3.7.1.v20120104-1859,"",1408299416846
activated,workbench,org.eclipse.ui.workbench,3.7.1.v20120104-1859,"",1408299417850
executed,command,org.eclipse.ui,3.7.0.v20110928-1505,"org.eclipse.ui.file.refresh",1408299440296
deactivated,workbench,org.eclipse.ui.workbench,3.7.1.v20120104-1859,"",1408299449042
activated,workbench,org.eclipse.ui.workbench,3.7.1.v20120104-1859,"",1408299451329
activated,view,org.eclipse.ui.ide,3.7.0.v20110928-1505,"org.eclipse.ui.views.ProblemView",1408299455258
opened,editor,org.eclipse.jdt.ui,3.7.2.v20120109-1427,"org.eclipse.jdt.ui.CompilationUnitEditor",1408299458285
activated,editor,org.eclipse.jdt.ui,3.7.2.v20120109-1427,"org.eclipse.jdt.ui.CompilationUnitEditor",1408299458622
activated,view,org.eclipse.ui.navigator.resources,3.4.300.v20110928-1505,"org.eclipse.ui.navigator.ProjectExplorer",1408299461483
executed,command,org.eclipse.ui,3.7.0.v20110928-1505,"org.eclipse.ui.navigate.linkWithEditor",1408299461486
executed,command,org.eclipse.ui,3.7.0.v20110928-1505,"org.eclipse.ui.navigate.linkWithEditor",1408299462596
activated,editor,org.eclipse.jdt.ui,3.7.2.v20120109-1427,"org.eclipse.jdt.ui.CompilationUnitEditor",1408299469327
activated,view,org.eclipse.ui.navigator.resources,3.4.300.v20110928-1505,"org.eclipse.ui.navigator.ProjectExplorer",1408299479454
activated,editor,org.eclipse.jdt.ui,3.7.2.v20120109-1427,"org.eclipse.jdt.ui.CompilationUnitEditor",1408299479867
activated,view,org.eclipse.ui.navigator.resources,3.4.300.v20110928-1505,"org.eclipse.ui.navigator.ProjectExplorer",1408299486005
executed,command,org.eclipse.ui,3.7.0.v20110928-1505,"org.eclipse.ui.file.refresh",1408299488854
activated,editor,org.eclipse.jdt.ui,3.7.2.v20120109-1427,"org.eclipse.jdt.ui.CompilationUnitEditor",1408299492067
activated,editor,org.eclipse.jdt.ui,3.7.2.v20120109-1427,"org.eclipse.jdt.ui.CompilationUnitEditor",1408299493332
activated,view,org.eclipse.ui.navigator.resources,3.4.300.v20110928-1505,"org.eclipse.ui.navigator.ProjectExplorer",1408299498182
executed,command,org.eclipse.ui,3.7.0.v20110928-1505,"org.eclipse.ui.navigate.linkWithEditor",1408299498191
activated,editor,org.eclipse.jdt.ui,3.7.2.v20120109-1427,"org.eclipse.jdt.ui.CompilationUnitEditor",1408299500028
activated,view,org.eclipse.ui.navigator.resources,3.4.300.v20110928-1505,"org.eclipse.ui.navigator.ProjectExplorer",1408299504887
executed,command,org.eclipse.ui,3.7.0.v20110928-1505,"org.eclipse.ui.file.refresh",1408299506319
activated,editor,org.eclipse.jdt.ui,3.7.2.v20120109-1427,"org.eclipse.jdt.ui.CompilationUnitEditor",1408299510900
activated,editor,org.eclipse.jdt.ui,3.7.2.v20120109-1427,"org.eclipse.jdt.ui.CompilationUnitEditor",1408299511051
closed,editor,org.eclipse.jdt.ui,3.7.2.v20120109-1427,"org.eclipse.jdt.ui.CompilationUnitEditor",1408299511140
activated,view,org.eclipse.ui.navigator.resources,3.4.300.v20110928-1505,"org.eclipse.ui.navigator.ProjectExplorer",1408299514321
deactivated,workbench,org.eclipse.ui.workbench,3.7.1.v20120104-1859,"",1408299517392
activated,workbench,org.eclipse.ui.workbench,3.7.1.v20120104-1859,"",1408299518956
deactivated,workbench,org.eclipse.ui.workbench,3.7.1.v20120104-1859,"",1408299525393
activated,workbench,org.eclipse.ui.workbench,3.7.1.v20120104-1859,"",1408299530444
activated,view,org.eclipse.ui.ide,3.7.0.v20110928-1505,"org.eclipse.ui.views.ProblemView",1408299531576
activated,view,org.eclipse.ui.navigator.resources,3.4.300.v20110928-1505,"org.eclipse.ui.navigator.ProjectExplorer",1408299531602
activated,view,org.eclipse.jpt.jpa.ui,3.0.2.v201201243020,"org.eclipse.jpt.ui.jpaDetailsView",1408299539130
deactivated,workbench,org.eclipse.ui.workbench,3.7.1.v20120104-1859,"",1408299539978
activated,workbench,org.eclipse.ui.workbench,3.7.1.v20120104-1859,"",1408299826148
deactivated,workbench,org.eclipse.ui.workbench,3.7.1.v20120104-1859,"",1408299826844
activated,workbench,org.eclipse.ui.workbench,3.7.1.v20120104-1859,"",1408300009512
activated,view,org.eclipse.ui.navigator.resources,3.4.300.v20110928-1505,"org.eclipse.ui.navigator.ProjectExplorer",1408300010413
started,bundle,org.eclipse.debug.ui,3.7.102.v20111129-1423_r372,"org.eclipse.debug.ui",1408300016819
started,bundle,org.eclipse.wst.xml.ui,1.1.202.v201112071516,"org.eclipse.wst.xml.ui",1408300016871
started,bundle,org.eclipse.wst.dtd.ui,1.0.600.v201103171359,"org.eclipse.wst.dtd.ui",1408300017285
started,bundle,org.eclipse.wst.xsl.ui,1.1.200.v201103082057,"org.eclipse.wst.xsl.ui",1408300017397
opened,editor,org.eclipse.jpt.jpa.ui,3.0.2.v201201243020,"org.eclipse.jpt.jpa.ui.internal.editors.PersistenceEditor",1408300017549
activated,editor,org.eclipse.jpt.jpa.ui,3.0.2.v201201243020,"org.eclipse.jpt.jpa.ui.internal.editors.PersistenceEditor",1408300017996
activated,view,org.eclipse.ui.navigator.resources,3.4.300.v20110928-1505,"org.eclipse.ui.navigator.ProjectExplorer",1408300026556
deactivated,workbench,org.eclipse.ui.workbench,3.7.1.v20120104-1859,"",1408300043371
activated,workbench,org.eclipse.ui.workbench,3.7.1.v20120104-1859,"",1408300045377
deactivated,workbench,org.eclipse.ui.workbench,3.7.1.v20120104-1859,"",1408300059964
activated,workbench,org.eclipse.ui.workbench,3.7.1.v20120104-1859,"",1408300085870
error,log,,,"Unable to find JPA entities generation templates in pluginorg.eclipse.jpt.jpa.gen",1408300086303
executed,command,org.eclipse.ui,3.7.0.v20110928-1505,"org.eclipse.ui.file.refresh",1408300092890
started,bundle,org.eclipse.jdt.debug,3.7.1.v20111006_r372,"org.eclipse.jdt.debug",1408300096103
started,bundle,org.eclipse.jdt.debug.ui,3.6.1.v20111006_r372,"org.eclipse.jdt.debug.ui",1408300096249
activated,editor,org.eclipse.jdt.ui,3.7.2.v20120109-1427,"org.eclipse.jdt.ui.CompilationUnitEditor",1408300096334
deactivated,workbench,org.eclipse.ui.workbench,3.7.1.v20120104-1859,"",1408300098267
activated,workbench,org.eclipse.ui.workbench,3.7.1.v20120104-1859,"",1408300104077
opened,editor,org.eclipse.jdt.ui,3.7.2.v20120109-1427,"org.eclipse.jdt.ui.CompilationUnitEditor",1408300104329
activated,editor,org.eclipse.jdt.ui,3.7.2.v20120109-1427,"org.eclipse.jdt.ui.CompilationUnitEditor",1408300104554
executed,command,org.eclipse.ui.ide,3.7.0.v20110928-1505,"org.eclipse.ui.navigate.openResource",1408300104592
activated,view,org.eclipse.ui.navigator.resources,3.4.300.v20110928-1505,"org.eclipse.ui.navigator.ProjectExplorer",1408300106766
executed,command,org.eclipse.ui,3.7.0.v20110928-1505,"org.eclipse.ui.navigate.linkWithEditor",1408300106770
executed,command,org.eclipse.ui,3.7.0.v20110928-1505,"org.eclipse.ui.file.refresh",1408300112994
activated,editor,org.eclipse.jdt.ui,3.7.2.v20120109-1427,"org.eclipse.jdt.ui.CompilationUnitEditor",1408300115379
